State,Gender,Handed,Height_cm,Armspan_cm,Travel_to_School,Travel_time_to_School,Score_in_memory_game,Importance_recycling_rubbish,Left_Footlength_cm,Index_Fingerlength_mm,Ring_Fingerlength_mm,Longer_Finger_Lefthand,Birth_month,Favorite_Season,Allergies,Vegetarian,Beverage,Favorite_School_Subject,Sleep_Hours_Schoolnight,Sleep_Hours_Non_Schoolnight,Home_Occupants,Communication_With_Friends,Text_Messages_Sent_Yesterday,Text_Messages_Received_Yesterday,Hanging_Out_With_Friends_Hours,Talking_On_Phone_Hours,Doing_Homework_Hours,Doing_Things_With_Family_Hours,Outdoor_Activities_Hours,Video_Games_Hours,Social_Websites_Hours,Texting_Messaging_Hours,Computer_Use_Hours,Watching_TV_Hours,Paid_Work_Hours,Work_At_Home_Hours,Schoolwork_Pressure,Favorite_Music,Superpower,Preferred_Status
IN,Female,Right-Handed,160,153,Car,10,45,200,21,89,100,Ring finger,October,Fall,No,No,Tea,Art,7.5,9,3,Cell phone,10,20,30,5,5,2,2,0,60,20,1,20,15,2,Some,Rap/Hip hop,Fly,Happy
IN,Female,Right-Handed,148,155,Car,7,57,0,22,6.2,6.5,Ring finger,January,Fall,Yes,No,Soft drink (caffeinated),Music,5,10,6,"Myspace, Facebook, other social networking sites, or blog",30,60,80,2,4,3,2,50,4,3,5,8,24,6,Very little,Punk rock,Invisibility,Happy
IN,Male,Right-Handed,173,177,Bus,15,53,1000,29.21,635,698.5,Ring finger,July,Summer,Yes,No,Water,Mathematics and statistics,8,10,5,Cell phone,10,15,2,2,14,14,6,7,0,1,5,10,0,0,A lot,Other,Telepathy,Healthy
WA,Female,Right-Handed,165,165,Car,20,51,1000,24,71,72,Ring finger,June,Winter,No,Yes,Water,History,7,9,6,Internet chat or instant messaging,6,6,6,0,11,1,10,0,2,2,3,1,14,1,A lot,Rap/Hip hop,Telepathy,Happy
IN,Female,Right-Handed,165,162,Car,30,38,950,24,50.7,76.3,Ring finger,June,Fall,Yes,No,Tea,English,5,8,3,"Myspace, Facebook, other social networking sites, or blog",14,20,10,5,8,4,4,3,7,7,14,3,0,12,Some,Other,Telepathy,Rich
IN,Male,Right-Handed,180,188,Walk,10,37,700,26,85,75,Index finger,September,Fall,Yes,No,Water,Physical education,6,6,4,Text messaging,100,100,6,2,2,3,1,6,2,7,6,3,3,5,Some,Pop,Freeze time,Rich
WA,Male,Right-Handed,188,186,Car,25,46,818,27,80,80,Same length,September,Summer,No,No,Water,Art,9,11,3,Internet chat or instant messaging,4,4,8,0,2,3,13,0,15,15,15,5,0,2,Some,Country,Invisibility,Rich
IN,Female,Right-Handed,170,67,Car,11,33,578,10,75,70,Index finger,January,Summer,Yes,No,Water,Physical education,7,8,5,Text messaging,30,50,15,5,6,6,14,2,4,4,3,5,0,3,Some,Pop,Fly,Healthy
IN,Male,Right-Handed,170,179,Car,6,39,399,26,94,97,Ring finger,June,Fall,No,No,Water,History,8,10,4,Cell phone,200,300,8,1,20,8,10,0,8,8,8,0,6,6,A lot,Rap/Hip hop,Invisibility,Happy
IN,Male,Right-Handed,173,180,Car,10,44,15,61,133,84,Index finger,October,Spring,No,No,Water,Computers and technology,6,10,4,Text messaging,8,12,2,0,5,16,0,105,0,1,24,0,15,0,Some,Heavy metal,Fly,Happy
IN,Male,Right-Handed,180,176,Car,15,2,999,27,80,83,Ring finger,February,Winter,Yes,No,Water,History,7.5,10,5,Text messaging,66,89,40,1,9,35,10,8,5,7,10,20,0,15,Some,Country,Freeze time,Rich
IN,Female,Left-Handed,152,147,Bus,30,49,1000,21,1.00E+03,98,Index finger,April,Spring,Yes,Yes,Powdered drink,Art,3,12,16,In person,12,1,2,1,10,1,3,0,0,1,0,0,0,5,A lot,Reggae,Invisibility,Healthy
IN,Female,Right-Handed,170,185,Car,8,32,800,27,80,75,Index finger,December,Fall,No,No,Water,Art,6,6,3,Text messaging,25,20,5,3,8,7,15,0,7,8,10,5,15,5,Some,Pop,Fly,Happy
IN,Female,Right-Handed,175.3,70,Car,15,47,500,27.94,8.99,9,Ring finger,March,Summer,Yes,No,Water,Social studies,5,8,7,Text messaging,500,1000,40,3,7,2,15.5,0,20,30,50,20,12,3,A lot,Rap/Hip hop,Freeze time,Rich
IN,Female,Right-Handed,160,156,Car,6,43,450,20,30,25,Index finger,June,Fall,No,No,Water,Languages,6,7,5,In person,30,27,1,1,21,6,0,0,21,28,29,20,5,4,Some,Other,Telepathy,Happy
IN,Female,Right-Handed,160,160,Car,5,42,800,21,80,77,Index finger,February,Spring,Yes,No,Water,History,6,8,3,Text messaging,20,15,1,0.5,15,20,1,0.5,1,3,18,20,2,10,Some,Techno/Electronic,Fly,Happy
IN,Male,Right-Handed,168,192,Bus,10,40,300,24,70,80,Ring finger,June,Fall,No,No,Water,Music,7,10,4,Cell phone,28,28,3,14,5,7,24,10,3,24,30,30,20,124,Some,Jazz,Invisibility,Happy
IN,Female,Right-Handed,178,175,Car,12,48,100,25,80,85,Ring finger,May,Fall,No,No,Soft drink (caffeinated),Mathematics and statistics,7,9,5,Text messaging,100,125,10,2,8,5,17,0,7,5,5,0,0,3,A lot,Pop,Fly,Happy
IN,Male,Right-Handed,176,174,Car,10,30,187,28,94,89,Index finger,June,Winter,No,No,Water,Music,8,8,4,Text messaging,18,21,4,0,5,3,12,7,4,1,3,0,4,2,Very little,Other,Telepathy,Happy
IN,Female,Right-Handed,163,164,Car,10,40,800,23,70,80,Ring finger,February,Fall,No,No,Water,Physical education,7,9,5,Text messaging,50,50,5,1,5,10,25,0,10,10,20,2,0,4,A lot,Pop,Freeze time,Happy
IN,Male,Right-Handed,180,300,Car,15,55,800,28,80,75,Same length,December,Winter,No,No,Water,Social studies,7,9,3,Text messaging,50,50,5,2,15,15,6,0,0,5,3,0,25,2,A lot,Rap/Hip hop,Telepathy,Rich
IN,Female,Right-Handed,155,141,Car,5,43,1000,24,70,70,Same length,December,Fall,Yes,No,Water,Languages,8,12,3,Text messaging,500,500,40,20,30,40,10,0,40,40,40,20,40,10,A lot,Rap/Hip hop,Telepathy,Rich
IN,Female,Right-Handed,126.5,225,Bus,10,32,1000,23,78,74,Index finger,June,Fall,Yes,No,Water,Art,6,11,4,Cell phone,15,12,6,0,42,14,7,0,21,140,168,0,0,28,A lot,Classical,Fly,Happy
IN,Female,Ambidextrous,172,180,Car,7,48,701,26,95,103,Ring finger,April,Fall,No,No,Water,Languages,6,9,3,Text messaging,50,60,6,1,10,20,12,0,3,6,15,2,0,4,A lot,Pop,Fly,Happy
IN,Female,Right-Handed,162,148,Car,8,50,500,20,90,70,Index finger,January,Fall,No,No,Water,English,8,8,5,Cell phone,50,51,10,5,10,5,7,0,15,10,10,2,26,3,Some,Pop,Freeze time,Happy
IN,Female,Right-Handed,161,147,Car,15,1,1000,18,60,70,Ring finger,August,Spring,Yes,No,Water,Art,7,10,5,Text messaging,200,300,20,3,12,2,0,0,10,24,24,9,9,9,Some,Pop,Telepathy,Rich
IN,Male,Right-Handed,182,190,Car,10,43,300,20,50,60,Ring finger,September,Spring,Yes,No,Soft drink (caffeinated),Science,7,10,3,Text messaging,100,200,50,5,0,5,10,20,10,10,5,5,0,1,Very little,Rap/Hip hop,Fly,Rich
IN,Female,Right-Handed,157.8,157.8,Car,10,55,700,28.5,50.8,2.3,Ring finger,July,Fall,No,No,Water,Other,7,8,5,Text messaging,200,550,12,1,1,10,10,0,5,110,5,1,16,3,Very little,Country,Telepathy,Happy
IN,Male,Right-Handed,190,193,Car,15,47,800,27,82.55,76.2,Index finger,August,Summer,No,No,Water,Mathematics and statistics,7,9,6,In person,20,50,5,0.5,2,5,3,0,5,2,0.5,0,20,2,A lot,Rap/Hip hop,Invisibility,Rich
IN,Female,Right-Handed,165,169,Bus,5,39,700,25,80,70,Index finger,February,Summer,No,No,Water,Mathematics and statistics,5,9,5,Text messaging,100,100,25,6,2,1,18,1,30,20,10,20,15,20,Very little,Country,Telepathy,Rich
WA,Male,Right-Handed,175,172,Car,3,49,385,24,70,75,Ring finger,April,Winter,No,No,Water,English,8,10,2,Internet chat or instant messaging,12,14,12,0.2,7,8,15,5,3,1,3,8,10,2,Some,Rap/Hip hop,Fly,Happy
IN,Male,Right-Handed,183,176,Car,10,38,200,28,94,85,Index finger,March,Spring,Yes,No,Water,Physical education,7,8,3,Text messaging,300,300,3,0,0,2,1,6,1,1,0,2,0,0,None,Techno/Electronic,Fly,Rich
IN,Male,Right-Handed,172.7,177.8,Bus,10,53,800,25.4,174,189,Ring finger,February,Summer,No,No,Soft drink (caffeinated),Computers and technology,7,9,4,"Myspace, Facebook, other social networking sites, or blog",2,2,30,0.1,6,4,10,20,3,0.2,40,1,3,0.5,Some,Rap/Hip hop,Freeze time,Rich
WA,Male,Ambidextrous,192,190,Walk,15,42,50,24,11,8,Index finger,September,Summer,No,No,Water,Physical education,9,3,3,"Myspace, Facebook, other social networking sites, or blog",100,100,3,1,2,6,3,2,84,60,84,40,20,8,Very little,Rap/Hip hop,Super strength,Happy
IN,Male,Left-Handed,184,178,Car,10,34,700,25,70,8,Ring finger,January,Fall,Yes,No,Juice,History,8,8,7,In person,5,5,1,1,1,15,7,7,3,1,3,1,20,10,Some,Country,Fly,Happy
IN,Male,Right-Handed,180,187,Car,10,44,0,27,40,44,Ring finger,May,Fall,Yes,No,Milk,History,7,10,6,In person,90,90,10,0.1,1,2,12,8,5,4,6,8,18,0.5,Some,Rock and roll,Telepathy,Healthy
IN,Female,Right-Handed,182,181,Car,5,45,400,24,80,80,Same length,March,Fall,No,No,Water,History,7,8,5,Text messaging,40,20,10,4,5,10,1,0,4,2,2,0,15,2,A lot,Country,Telepathy,Happy
IN,Female,Left-Handed,176,170,Car,15,43,100,25,80,90,Ring finger,January,Summer,No,No,Soft drink (caffeinated),English,7,5,4,Text messaging,50,60,10,0,12,10,6,0,2,2,5,10,15,30,A lot,Pop,Telepathy,Happy
IN,Female,Right-Handed,164,164,Car,7,26,700,25,75,70,Index finger,August,Summer,Yes,Yes,Water,Art,6,8,3,Text messaging,30,70,7,0,14,3,2,0,14,9,2,2,20,1,A lot,Other,Fly,Happy
IN,Male,Left-Handed,173,171,Car,10,30,1000,24,200,190,Ring finger,March,Fall,No,No,Water,Other,6,10,2,In person,5,10,20,0,2,2,0,2,5,2,20,2,18,0,Some,Other,Fly,Happy
IN,Female,Right-Handed,167,155,Car,15,29,600,22,70,70,Same length,January,Winter,Yes,No,Water,History,8,8,3,Cell phone,50,75,2,1,2,6,1,0,4,1,20,1,20,3,A lot,Pop,Telepathy,Healthy
IN,Female,Right-Handed,160,157.5,Car,10,56,750,20.32,101.6,101.6,Same length,December,Winter,No,No,Soft drink (caffeinated),Art,7,9,6,In person,10,20,5,0,15,10,0,0,7,7,15,20,30,10,A lot,Pop,Freeze time,Rich
IN,Male,Right-Handed,180.3,185,Car,5,49,0,27,59,58,Index finger,March,Spring,No,No,Tea,Computers and technology,5,5,4,Text messaging,20,5,0,0,0,0,0,30,0,10,10,0,0,0,Some,Other,Freeze time,Happy
IN,Male,Left-Handed,185.4,145,Car,8,42,600,28.6,97,80,Index finger,August,Winter,Yes,No,Water,History,6,9,4,Text messaging,100,150,49,2,5,20,30,10,10,10,2,2,0,2,Some,Country,Invisibility,Happy
IN,Female,Right-Handed,151,153.5,Car,4,47,1000,20,80,80,Same length,November,Fall,No,No,Water,English,7.5,10,5,Text messaging,20,12,1,1,10,2,9,2,3,4,15,12,2,2,A lot,Other,Freeze time,Happy
IN,Female,Right-Handed,166,166,Car,15,34,519,23,80,75,Index finger,June,Summer,Yes,No,Milk,English,8,11,4,In person,3,5,3,0,9,11,3,6,0,0,3,0,0,7,A lot,Classical,Invisibility,Happy
IN,Male,Right-Handed,183,184,Car,4,36,556,24,5,5.5,Ring finger,May,Fall,Yes,No,Water,Mathematics and statistics,8,8,5,In person,130,130,2,1,5,5,5,0,0,5,1,2,30,2,Some,Pop,Telepathy,Happy
IN,Female,Right-Handed,150,150,Car,12,40,400,21,75,80,Ring finger,March,Summer,No,No,Soft drink (caffeinated),Science,7,6,3,Text messaging,300,300,10,1,1,3,10,0,15,15,2,9,6,2,Very little,Rap/Hip hop,Invisibility,Rich
IN,Female,Right-Handed,163,160,Car,30,64,700,70,76,80,Ring finger,May,Fall,No,Yes,Milk,History,7,10,3,"Myspace, Facebook, other social networking sites, or blog",300,305,10,2,3,5,6,3,9,7,4,1,20,5,Some,Punk rock,Telepathy,Happy
IN,Female,Right-Handed,170.2,157.5,Car,5,80,1000,23,70,75,Index finger,April,Summer,No,No,Water,English,6,12,4,Text messaging,100,100,20,1,1,5,15,0,10,20,20,0,0,5,A lot,Country,Telepathy,Happy
IN,Female,Right-Handed,99,100,Bus,10,54,900,18,60,70,Ring finger,December,Summer,Yes,No,Water,History,8,6,5,"Myspace, Facebook, other social networking sites, or blog",200,200,6,0,5,3,0.5,0,2,48,48,1,17,1,Some,Pop,Telepathy,Happy
IN,Male,Right-Handed,177,180,Car,12,92,800,24,1,1,Ring finger,December,Summer,Yes,No,Milk,Physical education,6,8,4,Text messaging,100,100,5,10,2,10,6,0,1,15,0,5,22,3,Some,Rap/Hip hop,Invisibility,Happy
IN,Male,Right-Handed,180,181,Car,7,57,861,180,300,350,Index finger,January,Fall,No,No,Water,History,7,6,4,Text messaging,200,400,10,15,15,15,15,10,10,20,10,10,25,10,Some,Other,Telepathy,Happy
IN,Male,Ambidextrous,161,172,Walk,3,37,64,22,80,80,Same length,June,Winter,No,No,Soft drink (caffeinated),Music,7,9,5,In person,0,0,3,1,0,2,0,72,0,0.5,72,10,0,5,Some,Techno/Electronic,Invisibility,Healthy
IN,Female,Right-Handed,164,64,Car,10,45,600,24,8,8,Same length,July,Summer,No,No,Water,Art,6,9,5,Cell phone,70,80,6,7,3,4,1,0,1,4,2,2,12,4,Some,Pop,Telepathy,Happy
IN,Female,Right-Handed,156,156,Car,10,43,1000,22,76,76,Same length,July,Spring,Yes,No,Water,Art,7,5,4,Text messaging,500,300,10,5,4,3,25,0,10,5,3,5,0,5,Some,Punk rock,Fly,Happy
WA,Female,Right-Handed,160,159,Car,7,33,450,22,80,78,Index finger,September,Fall,Yes,No,Water,Art,6.5,9,6,In person,4,5,2,0,6,10,0,14,7,2,21,14,0,6,Some,Other,Fly,Happy
IN,Male,Left-Handed,182,183,Car,10,38,500,26,80,70,Index finger,September,Winter,No,No,Juice,Science,4,9,3,In person,0,0,20,0,10,20,6,30,10,0,40,0,4,1,Very little,Rap/Hip hop,Freeze time,Rich
IN,Female,Right-Handed,180.3,243.8,Car,20,50,3,30.5,6,6,Same length,September,Fall,Yes,No,Juice,Other,9,11,2,Text messaging,30,40,35,30,20,25,5,0,70,75,60,30,10,20,Some,Rap/Hip hop,Invisibility,Happy
IN,Female,Left-Handed,155,157,Car,20,49,600,25,70,60,Index finger,July,Fall,Yes,No,Water,History,8,10,3,Text messaging,40,35,6,1,5,5,0,0,5,2,10,2,6,2,A lot,Other,Telepathy,Happy
IN,Male,Right-Handed,180,182,Car,10,40,700,27,80,85,Ring finger,July,Fall,Yes,No,Water,Art,7,5,5,Text messaging,100,100,30,1,10,15,15,8,40,60,100,30,26,9,Very little,Rap/Hip hop,Fly,Happy
IN,Female,Right-Handed,154,155.2,Car,6,49,561,22,4,4.5,Same length,October,Fall,No,No,Soft drink (non-caffeinated),Social studies,6,8,2,Text messaging,150,250,15,40,15,10,0,0,40,40,30,8,30,10,Some,Other,Telepathy,Happy
IN,Female,Right-Handed,170,168,Car,5,45,898,21,63.5,63.2,Index finger,August,Summer,No,No,Water,Art,8,10,4,Text messaging,10,10,5,5,10,10,10,5,50,30,60,5,15,20,A lot,Pop,Invisibility,Happy
IN,Female,Left-Handed,157.5,152.4,Car,10,64,400,21.6,89,77,Index finger,November,Summer,No,No,Water,Science,6,9,3,In person,150,9,7,2,18,20,20,0,5,5,12,7,7,2,A lot,Pop,Fly,Happy
IN,Male,Right-Handed,173,172,Car,13,71,236,29,60,60,Same length,February,Spring,No,No,Milk,Social studies,7,9,4,In person,8,11,10,0,2,12,12,5,22,10,11,30,0,1,Very little,Rap/Hip hop,Freeze time,Happy
IN,Female,Right-Handed,162.3,155.2,Car,15,75,900,26,70,76,Index finger,July,Summer,No,No,Water,History,6.5,9.5,3,Text messaging,50,50,30,2,5,5,10,2,15,5,5,5,20,5,A lot,Country,Telepathy,Famous
IN,Male,Right-Handed,164,162,Car,10,63,1000,17,60,62,Ring finger,November,Fall,Yes,No,Coffee,Music,6,8,3,In person,100,100,7,7,7,7,7,7,7,7,7,7,7,7,Some,Jazz,Freeze time,Happy
IN,Male,Right-Handed,179.8,180,Car,10,34,300,27,65.7,63.5,Index finger,August,Summer,Yes,No,Water,Other,4,5,4,Text messaging,30,40,2,0,2,1,0,0,1,3,1,0,42,2,None,Other,Freeze time,Rich
IN,Female,Right-Handed,159,154,Car,6,37,500,23.5,8,75,Index finger,January,Fall,Yes,No,Water,Computers and technology,6,4,3,Cell phone,30,30,21,1,7,2,7,0,5,8,6,0,40,2,A lot,Rap/Hip hop,Invisibility,Rich
IN,Male,Right-Handed,176.8,106.7,Car,6,47,500,104.5,89,78.74,Index finger,July,Summer,No,No,Water,Art,7,8,5,Cell phone,8,8,10,1,0,10,2,70,2,1,80,5,0,3,Some,Other,Freeze time,Happy
IN,Female,Right-Handed,173.9,168,Car,15,43,636,23,80,75,Index finger,October,Spring,Yes,No,Water,History,7,10,4,Text messaging,100,100,6,0,8,14,0,0,48,72,48,24,3,4,Some,Other,Invisibility,Happy
IN,Female,Right-Handed,167.4,169,Car,10,42,1000,23.5,5,5.5,Ring finger,August,Fall,No,Yes,Soft drink (caffeinated),Science,6,10,4,Text messaging,100,100,8,0,9,6,0,0,10,20,20,30,30,5,A lot,Punk rock,Fly,Happy
IN,Male,Right-Handed,178,178,Car,5,48,1000,24,85,85,Same length,March,Summer,Yes,No,Water,Music,6,10,4,Text messaging,10,10,10,0,2,10,0,5,0,10,25,0,15,5,None,Rock and roll,Super strength,Famous
IN,Female,Right-Handed,162.5,149.8,Car,5,41,1000,21.59,6.77,6.77,Same length,July,Spring,No,No,Juice,Languages,7,9,7,Cell phone,6,9,4,3,10,11,1,1,1,3,30,1,18,10,A lot,Rock and roll,Fly,Happy
IN,Female,Right-Handed,168,168,Car,15,34,800,24,73,76,Ring finger,May,Fall,No,No,Water,Music,7,10,4,Text messaging,50,50,6,1,10,5,3,2,4,6,15,15,3,3,A lot,Other,Telepathy,Happy
IN,Female,Right-Handed,164,152,Car,15,50,450,22.5,63.5,63.5,Same length,November,Fall,No,No,Water,Science,5,10,3,"Myspace, Facebook, other social networking sites, or blog",15,5,3,3,5,4,3,5,3,3,5,2,0,3,Some,Pop,Freeze time,Rich
WA,Male,Right-Handed,176,180.5,Walk,15,29,765,24,80,73,Index finger,June,Summer,No,No,Water,Computers and technology,7,9,4,In person,20,30,2,2,1,5,0,2,0,3,40,0,0,1,None,Rock and roll,Freeze time,Healthy
IN,Male,Right-Handed,164.6,161.1,Bus,15,39,210,25,80,88,Ring finger,February,Summer,No,No,Water,Mathematics and statistics,6,10,5,Text messaging,25,29,2,2,6,1,0,6,2,3,40,0,0,1,A lot,Pop,Freeze time,Famous
IN,Male,Right-Handed,173,175,Car,12,37,791,26,81,90,Ring finger,February,Summer,No,No,Water,Mathematics and statistics,7,9,5,Text messaging,15,20,5,0,5,6,3,3,2,3,6,2,0,1,Very little,Classical,Telepathy,Happy
IN,Male,Right-Handed,170,131,Car,7,27,600,26,92,91,Index finger,July,Fall,No,No,Soft drink (caffeinated),Mathematics and statistics,6,10,5,Text messaging,50,60,30,0,5,2,5,30,2,5,30,0,20,1,A lot,Rock and roll,Freeze time,Happy
IN,Female,Right-Handed,167,163,Car,3,51,900,24,70,70,Same length,May,Fall,No,No,Juice,Art,7,8,2,Text messaging,50,50,20,6,20,30,20,0,15,10,35,3,8,5,A lot,Country,Freeze time,Happy
IN,Female,Right-Handed,179,157,Car,12,41,588,26,91,89,Index finger,December,Fall,No,No,Water,Art,5,10,4,"Myspace, Facebook, other social networking sites, or blog",0,0,0,0,15,68,3,20,5,1,24,4,0,4,Some,Country,Freeze time,Happy
IN,Female,Right-Handed,159,149,Car,9,34,20,22,75,70,Index finger,October,Fall,Yes,No,Water,Languages,6,10,6,In person,1000,1000,15,24,10,10,5,0,30,80,60,8,8,2,A lot,Pop,Telepathy,Happy
IN,Female,Right-Handed,170,170,Bus,7,51,500,23,8,8,Index finger,April,Fall,No,No,Water,Music,6,10,7,Cell phone,50,50,14,2,2,5,10,0,5,15,15,5,24,7,A lot,Other,Invisibility,Happy
IN,Female,Right-Handed,165.1,184,Car,5,41,10,23.5,55,59,Index finger,July,Summer,Yes,Yes,Water,Art,7,10,6,Text messaging,10,15,10,0,12,10,10,0,15,5,5,0,2,4,A lot,Other,Fly,Healthy
WA,Male,Right-Handed,180,185,Car,15,38,930,28,110,90,Index finger,May,Winter,Yes,No,Water,Mathematics and statistics,7,9,4,Text messaging,37,36,4,1,4,3,10,2,1,2,3,1,0,5,Very little,Rap/Hip hop,Super strength,Happy
IN,Male,Right-Handed,183,180,Car,10,45,200,28,80,80,Same length,April,Summer,Yes,No,Water,Mathematics and statistics,6.5,9,4,"Myspace, Facebook, other social networking sites, or blog",10,14,48,0.5,3,1,8,1,4,2,4,5,20,2,Some,Rap/Hip hop,Super strength,Happy
IN,Male,Right-Handed,164,167,Car,15,51,920,25,10,10,Same length,March,Summer,No,No,Water,Physical education,7,10,3,In person,400,400,80,40,26,28,65,10,100,100,100,20,40,100,A lot,Rap/Hip hop,Super strength,Happy
IN,Female,Right-Handed,153,139.7,Car,15,8,50,18,30,60,Ring finger,February,Summer,No,No,Water,Art,7,9,6,Cell phone,16,8,8,10,2,1,0,0,24,24,25,9,15,0,Some,Pop,Telepathy,Rich
IN,Female,Right-Handed,160,158,Car,8,37,1000,24,61,74,Ring finger,April,Spring,Yes,No,Tea,Science,7,12,2,Internet chat or instant messaging,4,4,5,0,15,2,0,0,1,2,4,4,0,2,A lot,Pop,Freeze time,Happy
WA,Male,Right-Handed,165.1,168,Bus,20,64,100,28,82,77,Index finger,May,Summer,No,No,Water,Music,6,11,4,Text messaging,3,3,0,1,10,10,5,5,10,2,10,0,0,4,Some,Rap/Hip hop,Telepathy,Rich
IN,Female,Right-Handed,160,147,Car,10,46,717,22,62,63,Ring finger,August,Fall,No,No,Water,Computers and technology,4,7,6,Internet chat or instant messaging,300,200,35,3,15,72,0,3,120,140,140,3,25,19,A lot,Punk rock,Invisibility,Happy
IN,Female,Left-Handed,157,157,Car,5,28,500,23,80,70,Index finger,November,Fall,No,No,Energy drink,Mathematics and statistics,7,9,5,In person,15,20,10,5,14,10,5,0,2,5,2,2,20,0,A lot,Rap/Hip hop,Freeze time,Happy
IN,Female,Right-Handed,165.5,170.2,Car,16,55,700,24.76,63.5,69.8,Ring finger,February,Summer,Yes,No,Water,Physical education,5,6,4,Text messaging,600,1500,25,1,4,2,30,0,6,10,7,4,0,3,A lot,Rap/Hip hop,Freeze time,Happy
IN,Male,Right-Handed,191,191,Car,18,42,274,29,94,99,Ring finger,September,Fall,No,No,Water,Computers and technology,6,7,3,Text messaging,35,100,5,2,9,4,11,8,3,5,20,8,14,1,Some,Pop,Freeze time,Rich
IN,Male,Right-Handed,177,183,Car,14,53,78,23,80,100,Ring finger,March,Fall,No,No,Water,Mathematics and statistics,7,10,4,Text messaging,15,10,2,1,0,4,2,6,10,1,1,5,0,30,Very little,Country,Super strength,Rich
IN,Female,Right-Handed,168,142,Car,7,57,400,23.6,90,90,Same length,June,Fall,No,No,Water,Science,5,6,5,Text messaging,200,150,15,10,0.5,20,30,0,50,60,60,25,30,5,A lot,Country,Invisibility,Happy
IN,Male,Right-Handed,186,188,Car,15,34,800,27.5,100,110,Ring finger,December,Winter,Yes,No,Water,Languages,6,11,4,In person,5,8,8,0,1,2,6,15,1,0,3,1,0,2,Some,Pop,Fly,Happy
IN,Female,Right-Handed,156,54.5,Car,8,35,1000,22.2,83,88,Ring finger,May,Summer,Yes,No,Milk,English,5,8,2,Text messaging,15,20,7,1,10,9,8,1,9,5,6,5,1,2,A lot,Pop,Fly,Happy
IN,Male,Right-Handed,151,197,Car,10,41,801,25.5,90,85,Index finger,September,Fall,No,No,Water,History,7,9,5,Text messaging,750,800,10,1,12,50,17,10,168,100,102,1,16,3,Some,Rap/Hip hop,Super strength,Happy
IN,Male,Right-Handed,175.2,155.6,Car,8,41,700,30.48,7.2,8.1,Ring finger,November,Fall,Yes,No,Soft drink (caffeinated),Social studies,8,10,3,Text messaging,100,1002,4,8,2,2,3,8,9,9,9,9,6,1,Very little,Rap/Hip hop,Fly,Rich
IN,Female,Right-Handed,171,173,Car,15,46,300,26,65,70,Ring finger,August,Fall,Yes,No,Coffee,Science,7,10,3,Cell phone,500,350,4,0,3,16,16,2,6,8,8,1,0,4,A lot,Country,Freeze time,Happy
IN,Female,Left-Handed,154,149,Car,15,52,500,22.86,76.2,63.5,Ring finger,August,Summer,No,No,Soft drink (caffeinated),Mathematics and statistics,6,8,6,Text messaging,100,100,10,1,5,120,10,1,10,50,1,10,0,1,Some,Other,Fly,Rich
WA,Male,Right-Handed,189,180,Car,15,52,900,29,90,92,Ring finger,May,Winter,Yes,No,Tea,Social studies,6.5,8,3,Internet chat or instant messaging,3,4,8,1,6,4,5,10,9,6,3,4,20,4,Some,Rap/Hip hop,Freeze time,Happy
IN,Female,Right-Handed,168,160,Car,5,56,600,23.5,70,65,Ring finger,March,Summer,Yes,No,Soft drink (caffeinated),Languages,6,9,5,Text messaging,60,65,8,2,6,8,1,3,10,12,12,5,35,15,Some,Rap/Hip hop,Freeze time,Rich
WA,Male,Right-Handed,183,198,Bus,15,39,900,31,98,92,Index finger,April,Fall,Yes,No,Milk,History,7.5,9,3,"Myspace, Facebook, other social networking sites, or blog",12,10,5,1,2,2,12,0,10,2,10,6,0,2,Some,Rap/Hip hop,Freeze time,Rich
IN,Male,Right-Handed,144,185,Car,14,35,1000,41,56,56,Same length,January,Fall,Yes,No,Water,History,7.5,8.5,5,"Myspace, Facebook, other social networking sites, or blog",7,12,1,0.3,24,20,12,0,14,0.3,14,1,16,5,A lot,Reggae,Freeze time,Rich
IN,Female,Right-Handed,174,172,Car,8,47,500,23,90,80,Index finger,October,Summer,Yes,No,Soft drink (caffeinated),Science,5,10,4,Text messaging,40,45,6,0.2,24,6,0,1,4,16,50,4,0,3,A lot,Pop,Telepathy,Rich
IN,Female,Left-Handed,170,170,Car,12,41,10,30,9,9,Same length,August,Fall,No,No,Water,Mathematics and statistics,7,9,4,Text messaging,100,120,10,1,4,2,20,0,3,2,6,6,6,1,A lot,Country,Telepathy,Healthy
IN,Male,Right-Handed,183,190,Car,15,49,900,31,80,80,Same length,July,Summer,Yes,No,Water,Mathematics and statistics,7,7,6,Text messaging,15,15,5,1,5,5,15,0,3,3,8,10,10,8,Very little,Country,Invisibility,Rich
IN,Male,Right-Handed,177.8,177,Car,15,38,20,26,70,70,Same length,June,Summer,No,No,Soft drink (caffeinated),Computers and technology,7,9,4,Text messaging,200,200,5,0,2,10,4,0.5,1,4,1,1,30,1,Very little,Country,Telepathy,Happy
IN,Female,Right-Handed,157,157,Car,10,29,600,24,76,63,Index finger,November,Fall,Yes,No,Water,English,9,10,4,In person,70,71,6,1,5,8,2,1,3,3,2,6,6,4,Some,Gospel,Telepathy,Happy
IN,Male,Right-Handed,178.4,176,Car,6,71,500,25,90,95,Ring finger,January,Spring,Yes,No,Water,Science,6,7,3,Text messaging,30,25,24,1,3,4,12,5,5,5,0,0,16,2,Very little,Rap/Hip hop,Freeze time,Happy
IN,Female,Right-Handed,124,123,Car,7,48,561,23.3,71.1,71.3,Ring finger,August,Fall,Yes,No,Water,English,7,9,5,Text messaging,15,10,5,4,15,8,7,0,1,1,6,0,2,7,A lot,Jazz,Invisibility,Healthy
IN,Female,Right-Handed,170,137,Car,12,47,700,26.2,90,90,Same length,February,Summer,No,No,Water,Music,5,11,5,In person,0,0,1,0,14,1,0,0,2,2,28,4,0,2,A lot,Punk rock,Telepathy,Happy
IN,Female,Right-Handed,160,150,Car,10,41,500,20.2,7.62,7.7,Ring finger,August,Fall,Yes,No,Water,Mathematics and statistics,6.5,11,3,In person,40,40,20,1,20,12,1,1,10,20,24,25,12,12,Some,Punk rock,Fly,Happy
WA,Female,Right-Handed,167.6,153,Car,10,41,1000,24,80,70,Index finger,May,Fall,No,No,Soft drink (caffeinated),Music,8,10,2,Text messaging,100,100,5,5,5,5,5,5,5,5,5,5,5,5,A lot,Country,Telepathy,Happy
IN,Female,Right-Handed,157,150,Bus,13,53,1000,101,90,85,Index finger,September,Fall,No,No,Powdered drink,Languages,8,12,6,Text messaging,115,90,0,1,10,30,0,3,3,84,15,1,25,1,A lot,Other,Freeze time,Rich
WA,Male,Right-Handed,185,188,Car,6,43,1000,26,8,7.5,Index finger,March,Winter,No,No,Water,Other,6,5,4,"Myspace, Facebook, other social networking sites, or blog",200,220,5,1,16,1,3,0,8,8,8,0,20,4,A lot,Rock and roll,Freeze time,Rich
IN,Male,Right-Handed,166,173,Car,10,1,0,27,90,80,Ring finger,January,Summer,Yes,No,Water,Music,8,9.5,4,"Myspace, Facebook, other social networking sites, or blog",40,40,10,1,5,5,10,20,20,5,50,5,16,1,Very little,Rock and roll,Telepathy,Rich
WA,Male,Right-Handed,185.4,185,Car,10,63,300,28,90,100,Ring finger,February,Winter,Yes,No,Soft drink (caffeinated),Science,8,9,3,Internet chat or instant messaging,5,5,11,4,8,9,7,8,6,9,8,9,7,7,A lot,Rap/Hip hop,Freeze time,Happy
WA,Female,Right-Handed,155,157,Car,10,40,200,22,72,75,Ring finger,September,Winter,No,No,Water,Computers and technology,6,8,6,In person,2,2,40,1,20,10,2,20,3,1,50,5,0,5,A lot,Classical,Telepathy,Happy
IN,Female,Right-Handed,157,51,Car,10,39,1,9,28,29,Ring finger,September,Summer,No,No,Soft drink (caffeinated),Science,6,8,5,Text messaging,15,15,5,0,1,2,10,1,2,2,4,6,0,0,A lot,Rap/Hip hop,Invisibility,Happy
IN,Male,Right-Handed,183,190,Car,15,49,900,31,80,80,Same length,July,Summer,Yes,No,Water,Mathematics and statistics,7,7,6,Text messaging,15,15,5,1,5,5,15,0,3,3,8,10,10,8,Very little,Country,Invisibility,Rich
WA,Male,Ambidextrous,166,170,Car,9,34,615,24,70,67,Index finger,November,Winter,No,No,Milk,Mathematics and statistics,7,7,4,"Myspace, Facebook, other social networking sites, or blog",20,15,10,2,5,2,2,1,10,10,5,15,20,0,Some,Rap/Hip hop,Freeze time,Rich
WA,Male,Right-Handed,184.2,193,Car,10,56,800,27.5,9.2,9.6,Index finger,September,Fall,Yes,No,Milk,Science,6.5,8,3,Cell phone,25,25,7,0,10,1,13,2,2,1,3,2,0,1,A lot,Rock and roll,Super strength,Happy
IN,Male,Left-Handed,183,192,Car,20,39,800,28,9.9,10.5,Ring finger,August,Summer,No,No,Soft drink (caffeinated),Mathematics and statistics,8,10,5,In person,5,7,6,0,6,5,6,4,4,2,2,2,0,4,Some,Classical,Invisibility,Happy
IN,Male,Right-Handed,162,160,Car,15,44,800,26,100,70,Ring finger,August,Summer,No,No,Water,Science,6,8,5,In person,50,60,20,3,2,3,5,2,10,10,25,30,0,5,Some,Rap/Hip hop,Freeze time,Happy
IN,Female,Right-Handed,170,170,Car,18,46,500,21.5,8.5,7.5,Index finger,November,Fall,No,No,Water,Science,5.5,8,4,Text messaging,70,70,7,1,5,3,10,0,10,1,2,2,2,1,A lot,Pop,Invisibility,Healthy
IN,Female,Right-Handed,152.4,166,Car,16,67,3,25,8,8.5,Ring finger,March,Fall,Yes,No,Water,History,7,10,7,In person,200,100,20,1.5,3,5,18,0,4,16,1,0,0,0,A lot,Country,Freeze time,Happy
IN,Female,Right-Handed,156,160,Bus,18,34,350,23,76,76,Same length,September,Winter,Yes,No,Water,Art,6,10,4,Internet chat or instant messaging,5,4,5,0.2,4,8,3,20,30,30,40,1,0,2,Some,Techno/Electronic,Freeze time,Happy
IN,Male,Right-Handed,183,184,Car,8,55,900,30,90.5,100,Ring finger,February,Spring,Yes,No,Water,Mathematics and statistics,6,7,4,Cell phone,0,0,6,1,6,4,10,0,4,4,6,3,0,2,Very little,Rap/Hip hop,Telepathy,Happy
IN,Female,Right-Handed,162.4,162.4,Car,15,50,500,20.32,76.2,50.8,Index finger,December,Fall,No,No,Water,Art,8,10,4,Text messaging,0,3,6,1,8,5,0,0,7,2,7,10,12,5,Some,Pop,Fly,Happy
IN,Male,Right-Handed,178,66,Car,7,46,600,28,80,90,Ring finger,October,Summer,No,No,Water,History,6,9,3,Text messaging,15,80,6,0,0,1,16,8,4,1,0,0,18,2,Very little,Rap/Hip hop,Fly,Famous
IN,Male,Right-Handed,176,173,Car,3,39,1000,27,80,80,Same length,March,Summer,Yes,No,Tea,Computers and technology,7,6,2,Cell phone,200,300,15,1,5,0,10,30,3,5,10,0,0,0,Some,Rap/Hip hop,Freeze time,Happy
WA,Female,Right-Handed,176,173,Car,10,42,800,25,80,72,Index finger,February,Fall,Yes,Yes,Tea,Art,6,9,4,"Myspace, Facebook, other social networking sites, or blog",9,15,15,2,15,2,0,0,20,40,20,6,12,2,A lot,Other,Freeze time,Happy
IN,Female,Right-Handed,173,169,Car,8,57,400,24,70,70,Same length,March,Summer,No,No,Water,Physical education,8,7,3,Cell phone,30,100,10,2,5,7,12,0,3,3,1,5,1,1,Some,Rap/Hip hop,Fly,Rich
IN,Female,Left-Handed,140,130.5,Car,15,39,600,20.1,8,7.5,Ring finger,February,Summer,No,No,Milk,English,6,12,4,In person,300,300,24,1,3,14,1,0,4,112,8,5,2,4,Some,Country,Telepathy,Healthy
IN,Male,Right-Handed,68,173,Bus,23,50,668,23,70,70,Same length,September,Winter,No,No,Milk,History,7.5,9,4,"Myspace, Facebook, other social networking sites, or blog",0,1,20,1,4,3,2,60,48,1,48,5,22,5,A lot,Rock and roll,Freeze time,Happy
IN,Female,Right-Handed,168,161,Car,9,44,800,22.5,81,72,Ring finger,April,Fall,No,No,Water,Languages,6.5,8,4,Text messaging,100,100,10,0.5,3,7,10,0,6,7,8,6,10,3,Some,Other,Telepathy,Happy
IN,Female,Right-Handed,169,163.2,Car,25,41,900,24,800,850,Ring finger,September,Spring,No,No,Water,English,8,6,5,Text messaging,30,40,3,0,5,10,8,0,5,10,5,3,2,3,Some,Rap/Hip hop,Invisibility,Happy
IN,Male,Right-Handed,178,168,Car,14,45,121,28,60,70,Ring finger,June,Summer,Yes,No,Milk,Physical education,7,10,4,Text messaging,100,100,10,1,1,8,4,5,3,10,3,5,15,2,Some,Rap/Hip hop,Telepathy,Happy
IN,Female,Left-Handed,165,174,Car,30,38,700,24,93,95,Ring finger,April,Spring,Yes,No,Water,Science,8,10,7,Text messaging,75,62,20,0,30,25,30,0,10,10,45,20,0,10,Some,Pop,Freeze time,Happy
IN,Female,Right-Handed,164,152,Car,10,42,600,22,75,73,Index finger,December,Fall,No,No,Water,Music,6,12,5,"Myspace, Facebook, other social networking sites, or blog",16,22,7,0,5,2,0,0,12,3,0,1,28.5,1,A lot,Punk rock,Invisibility,Happy
IN,Female,Right-Handed,163,160,Car,5,56,500,24,76,76,Ring finger,November,Fall,Yes,No,Tea,Mathematics and statistics,7,8,4,Text messaging,40,40,84,1,5,3,15,0,21,14,35,0,0,1,Some,Rap/Hip hop,Fly,Happy
IN,Female,Right-Handed,158,170,Car,5,62,642,22,90,92,Ring finger,March,Fall,Yes,No,Tea,English,5,5,5,Text messaging,15,14,40,2,14,21,10,2,12,21,21,2,0,7,Some,Pop,Fly,Happy
IN,Female,Right-Handed,160,160,Car,5,32,100,22,90,90,Same length,February,Summer,No,No,Water,Art,9,12,4,Text messaging,50,50,7,1,10,7,10,1,2,5,6,6,0,4,A lot,Rap/Hip hop,Telepathy,Happy
IN,Female,Right-Handed,169,174,Car,5,43,1000,23,73,84,Ring finger,April,Fall,No,No,Water,Science,6.5,6.5,5,Text messaging,200,200,4,4,15,4,10,2,4,3,4,5,20,2,A lot,Rock and roll,Invisibility,Happy
IN,Female,Left-Handed,169,163,Bus,15,35,1000,27,100,85,Index finger,April,Fall,Yes,No,Water,Music,6,9,5,Text messaging,30,30,3,1,5,10,9,1,20,5,20,2,0,5,A lot,Other,Fly,Happy
IN,Female,Right-Handed,171,190,Car,25,44,300,25,81,78,Ring finger,July,Summer,Yes,No,Energy drink,Other,5,5,7,"Myspace, Facebook, other social networking sites, or blog",4,6,100,7,16,14,5,5,98,87,126,2,2,14,A lot,Pop,Telepathy,Happy
IN,Female,Right-Handed,168,173,Car,5,38,200,26,95,100,Ring finger,May,Spring,No,No,Tea,Physical education,7,10,4,Text messaging,25,25,9,2,18,10,4,0,4,4,18,8,10,1,A lot,Country,Telepathy,Happy
IN,Female,Right-Handed,162,152.4,Car,10,43,5,25.4,63.5,76.2,Ring finger,July,Fall,No,No,Soft drink (caffeinated),English,5,5,6,Text messaging,100,100,8,3,2,3,3,1,5,8,8,8,0,1,A lot,Other,Telepathy,Rich
IN,Male,Right-Handed,170,165,Car,12,49,660,24,80,75,Ring finger,August,Fall,Yes,No,Water,Mathematics and statistics,8,8,6,Text messaging,50,50,10,1,0,2,1,1,1,2,1,5,35,1,Some,Rap/Hip hop,Freeze time,Rich
IN,Female,Right-Handed,160,155,Bus,15,44,720,17.5,74,69,Index finger,June,Fall,Yes,Yes,Water,English,7,9,3,"Myspace, Facebook, other social networking sites, or blog",15,10,11,1,10,20,5,3,13,12,30,2,35,20,A lot,Rock and roll,Telepathy,Happy
IN,Female,Right-Handed,68,68,Car,9,50,1000,38,70,80,Ring finger,December,Summer,Yes,No,Water,Science,9,10,4,Text messaging,190,130,22,3,8,2,27,0,10,11,11,2,0,0,Some,Pop,Fly,Rich
IN,Male,Right-Handed,189,201,Car,13,37,600,28,95,84,Index finger,July,Winter,No,No,Water,English,6,12,3,Text messaging,3,3,4,1,12,2,0,6,4,1,12,5,25,10,A lot,Rap/Hip hop,Freeze time,Famous
IN,Male,Right-Handed,128.5,169.7,Car,10,35,600,29.2,3,3.5,Ring finger,February,Spring,Yes,No,Soft drink (caffeinated),Music,6,3,3,"Myspace, Facebook, other social networking sites, or blog",300,200,20,5,30,40,5,200,250,300,500,30,10,50,Some,Techno/Electronic,Freeze time,Rich
IN,Male,Right-Handed,175,69,Car,5,79,400,25,83,87,Ring finger,October,Summer,Yes,No,Water,Mathematics and statistics,8,9,6,Text messaging,17,11,4,0,12,5,0,9,21,1,21,4,3,0,Some,Rap/Hip hop,Invisibility,Happy
IN,Female,Ambidextrous,155,144,Bus,10,56,600,18,76,77,Ring finger,September,Winter,Yes,No,Water,Mathematics and statistics,6,7,2,Text messaging,10,4,4,6,14,10,30,7,7,12,7,3,0,15,Some,Other,Telepathy,Famous
IN,Female,Left-Handed,5,10,Car,30,45,1000,6,11,9,Index finger,April,Summer,No,No,Water,Mathematics and statistics,8,10,5,Text messaging,100,150,6,1,6,3,2,0,168,168,168,15,20,5,Some,Country,Telepathy,Happy
IN,Male,Ambidextrous,181,178,Car,16,55,645,28,85,90,Ring finger,March,Summer,Yes,No,Energy drink,Mathematics and statistics,4,10,5,In person,72,158,56,2,5,2,1,0,0.5,3,0,0,45,5,A lot,Heavy metal,Telepathy,Happy
WA,Male,Left-Handed,165,168,Car,20,53,898,27,70,73,Ring finger,May,Winter,No,No,Water,Other,8,8,3,Cell phone,12,20,24,2,6,8,15,5,20,10,15,4,6,2,Some,Rap/Hip hop,Telepathy,Rich
IN,Male,Right-Handed,179,180,Car,10,36,658,27,83,76,Index finger,April,Winter,No,No,Water,Music,8,7,5,Cell phone,300,321,15,12,15,20,10,5,8,4,4,15,10,2,A lot,Pop,Fly,Healthy
IN,Male,Right-Handed,180,182,Car,6,39,1000,26,75,82,Ring finger,November,Fall,No,No,Water,Other,5,10,4,Other,0,1,0,0,1,1,0,18,0,0,8,0,9,2,A lot,Heavy metal,Freeze time,Healthy
IN,Female,Right-Handed,117,100,Car,6,47,800,23,79,83,Ring finger,August,Fall,Yes,No,Water,Music,7,10,6,Text messaging,20,20,5,1,3,2,10,1,15,10,10,0,25,5,Some,Pop,Telepathy,Healthy
IN,Female,Ambidextrous,166,66,Car,13,29,900,26,93,92,Index finger,November,Spring,Yes,No,Water,Mathematics and statistics,5.5,8.5,7,Text messaging,150,160,5,0,30,5,10,1,12,40,40,5,0,5,A lot,Pop,Super strength,Happy
IN,Female,Right-Handed,163,159,Bus,15,39,701,22,80,70,Index finger,August,Fall,Yes,No,Water,Art,5,7,5,Text messaging,20,15,0,0,8,5,0,3,7,2,20,3,25,7,Some,Punk rock,Telepathy,Happy
IN,Female,Right-Handed,163,156,Car,15,31,1000,23,70,75,Ring finger,July,Fall,Yes,No,Sports drink,Social studies,8,11,3,Text messaging,50,50,20,6,20,20,30,0,15,10,40,3,8,0,Some,Rap/Hip hop,Telepathy,Happy
IN,Female,Right-Handed,167.6,15.7,Car,10,78,500,25.9,93,95,Ring finger,January,Spring,Yes,No,Soft drink (non-caffeinated),Mathematics and statistics,6,11,5,In person,11,18,8,0,1,8,2,0,5,8,5,7,25,2,Some,Other,Invisibility,Healthy
IN,Male,Right-Handed,175,171,Car,8,57,877,24,80,75,Index finger,November,Fall,No,No,Soft drink (caffeinated),Science,8,11,4,Text messaging,10,35,6,0,5,3,10,10,0,1,2,0,5,1,Some,Other,Invisibility,Happy
